"","site_code","block","plot","year","site_name","continent","country","region","managed","burned","grazed","anthropogenic","habitat","elevation","latitude","longitude","RAIN_PET","MAT_v2","MAT_RANGE_v2","ISO_v2","TEMP_VAR_v2","MAX_TEMP_v2","MIN_TEMP_v2","ANN_TEMP_RANGE_v2","TEMP_WET_Q_v2","TEMP_DRY_Q_v2","TEMP_WARM_Q_v2","TEMP_COLD_Q_v2","MAP_v2","MAP_WET_M_v2","MAP_DRY_M_v2","MAP_VAR_v2","MAP_WET_Q_v2","MAP_DRY_Q_v2","MAP_WARM_Q_v2","MAP_COLD_Q_v2","AI","PET","N_Dep","experiment_type","N","P","K","Exclose","trt","first_nutrient_year","first_fenced_year","year_trt","sum_INT_cover","sum_NAT_cover","sum_UNK_cover","total_cover","INT_rich","NAT_rich","UNK_rich","rich","site_year_rich","site_richness","site_native_richness","site_introduced_richness","plot_beta","litter_mass","standing_dead_mass","live_mass","unsorted_mass","proportion_par","Ambient_PAR","Ground_PAR","pct_C","pct_N","ppm_P","ppm_K","ppm_Ca","ppm_Mg","ppm_S","ppm_Na","ppm_Zn","ppm_Mn","ppm_Fe","ppm_Cu","ppm_B","pH","PercentSand","PercentSilt","PercentClay","Classification","richness_vegan","shannon","inverse_simpson","evenness"
"2595","burren.ie",1,1,2015,"Slieve Carran","Europe","IE","Europe",1,0,1,0,"calcareous grassland",112,53.072023,-8.992624,502,9.766666715,6.7333333,40.079363,376.2997703,18.20000076,1.399999976,16.80000079,7.749999881,11,14.6500001,5.566666702,1320,141,73,22.3927465,419,242,286,378,1.8189,613,349.277006866667,"Experimental (Full Factorial)",0,0,0,0,"Control",2016,2016,0,0,144,0,144,0,27,0,27,61,82,80,0,3.037,139.65,NA,216.65,NA,0.27027027027027,555,150,8.258,0.643,7,185,2104,123,42,59,3.3,190,692,0.3,1.2,5.5,NA,NA,NA,NA,27,2.66069124036805,10.7551867219917,0.80728851230847
"2596","burren.ie",1,1,2016,"Slieve Carran","Europe","IE","Europe",1,0,1,0,"calcareous grassland",112,53.072023,-8.992624,502,9.766666715,6.7333333,40.079363,376.2997703,18.20000076,1.399999976,16.80000079,7.749999881,11,14.6500001,5.566666702,1320,141,73,22.3927465,419,242,286,378,1.8189,613,349.277006866667,"Experimental (Full Factorial)",0,0,0,0,"Control",2016,2016,1,0,130,0,131,0,32,0,33,63,82,80,0,2.4848,28.47,NA,490.17,NA,0.00788954635108481,1014,8,8.258,0.643,7,185,2104,123,42,59,3.3,190,692,0.3,1.2,5.5,NA,NA,NA,NA,33,2.46877990433265,6.29761467889908,0.706070231776421
"2597","burren.ie",1,1,2017,"Slieve Carran","Europe","IE","Europe",1,0,1,0,"calcareous grassland",112,53.072023,-8.992624,502,9.766666715,6.7333333,40.079363,376.2997703,18.20000076,1.399999976,16.80000079,7.749999881,11,14.6500001,5.566666702,1320,141,73,22.3927465,419,242,286,378,1.8189,613,349.277006866667,"Experimental (Full Factorial)",0,0,0,0,"Control",2016,2016,2,0,143,0,144,0,31,0,32,60,82,80,0,2.5625,85,NA,392.8,NA,0.0138888888888889,396,5.5,8.258,0.643,7,185,2104,123,42,59,3.3,190,692,0.3,1.2,5.5,NA,NA,NA,NA,32,2.60683429054417,7.23012552301255,0.752173380677475
"2598","burren.ie",1,1,2018,"Slieve Carran","Europe","IE","Europe",1,0,1,0,"calcareous grassland",112,53.072023,-8.992624,502,9.766666715,6.7333333,40.079363,376.2997703,18.20000076,1.399999976,16.80000079,7.749999881,11,14.6500001,5.566666702,1320,141,73,22.3927465,419,242,286,378,1.8189,613,349.277006866667,"Experimental (Full Factorial)",0,0,0,0,"Control",2016,2016,3,0,126,0,126,0,29,0,29,57,82,80,0,2.8276,266.05,NA,617.85,NA,NA,NA,NA,8.258,0.643,7,185,2104,123,42,59,3.3,190,692,0.3,1.2,5.5,NA,NA,NA,NA,29,2.68837882934715,8.65648854961832,0.798379163899581
"2599","burren.ie",1,2,2015,"Slieve Carran","Europe","IE","Europe",1,0,1,0,"calcareous grassland",112,53.072023,-8.992624,502,9.766666715,6.7333333,40.079363,376.2997703,18.20000076,1.399999976,16.80000079,7.749999881,11,14.6500001,5.566666702,1320,141,73,22.3927465,419,242,286,378,1.8189,613,349.277006866667,"Experimental (Full Factorial)",0,1,1,0,"PK",2016,2016,0,0,111,0,111,0,22,0,22,61,82,80,0,3.7273,146.7,NA,247.6,NA,0.0825,600,49.5,9.613,0.786,13,237,2298,151,39,63,4.3,236,542,0.6,1.3,5.6,NA,NA,NA,NA,22,2.61570768196349,10.4150464919696,0.846221856034881
"2600","burren.ie",1,2,2016,"Slieve Carran","Europe","IE","Europe",1,0,1,0,"calcareous grassland",112,53.072023,-8.992624,502,9.766666715,6.7333333,40.079363,376.2997703,18.20000076,1.399999976,16.80000079,7.749999881,11,14.6500001,5.566666702,1320,141,73,22.3927465,419,242,286,378,1.8189,613,349.277006866667,"Experimental (Full Factorial)",0,1,1,0,"PK",2016,2016,1,0,149,0,149,0,20,0,20,63,82,80,0,4.1,43,NA,544.5,NA,0.000544662309368192,918,0.5,9.613,0.786,13,237,2298,151,39,63,4.3,236,542,0.6,1.3,5.6,NA,NA,NA,NA,20,2.4907777220004,9.37938318546684,0.831442029712976
"2601","burren.ie",1,2,2017,"Slieve Carran","Europe","IE","Europe",1,0,1,0,"calcareous grassland",112,53.072023,-8.992624,502,9.766666715,6.7333333,40.079363,376.2997703,18.20000076,1.399999976,16.80000079,7.749999881,11,14.6500001,5.566666702,1320,141,73,22.3927465,419,242,286,378,1.8189,613,349.277006866667,"Experimental (Full Factorial)",0,1,1,0,"PK",2016,2016,2,0,124,0,124,0,17,0,17,60,82,80,0,4.8235,34.6,NA,427.7,NA,0.00132978723404255,376,0.5,9.613,0.786,13,237,2298,151,39,63,4.3,236,542,0.6,1.3,5.6,NA,NA,NA,NA,17,1.776868023575,3.80029658922393,0.627156450220272
"2602","burren.ie",1,2,2018,"Slieve Carran","Europe","IE","Europe",1,0,1,0,"calcareous grassland",112,53.072023,-8.992624,502,9.766666715,6.7333333,40.079363,376.2997703,18.20000076,1.399999976,16.80000079,7.749999881,11,14.6500001,5.566666702,1320,141,73,22.3927465,419,242,286,378,1.8189,613,349.277006866667,"Experimental (Full Factorial)",0,1,1,0,"PK",2016,2016,3,0,139,0,139,0,16,0,16,57,82,80,0,5.125,104.25,NA,594.4,NA,NA,NA,NA,9.613,0.786,13,237,2298,151,39,63,4.3,236,542,0.6,1.3,5.6,NA,NA,NA,NA,16,1.68801474701613,3.22931639645663,0.608822626116902
"2603","burren.ie",1,3,2015,"Slieve Carran","Europe","IE","Europe",1,0,1,0,"calcareous grassland",112,53.072023,-8.992624,502,9.766666715,6.7333333,40.079363,376.2997703,18.20000076,1.399999976,16.80000079,7.749999881,11,14.6500001,5.566666702,1320,141,73,22.3927465,419,242,286,378,1.8189,613,349.277006866667,"Experimental (Full Factorial)",1,0,1,0,"NK",2016,2016,0,0,75,0,76,0,25,0,26,61,82,80,0,3.1538,86.55,NA,254.4,NA,0.418433931484502,613,256.5,7.715,0.62,8,184,1514,121,31,50,4.8,161,560,0.4,1,5.5,NA,NA,NA,NA,26,2.81490089530568,11.8360655737705,0.863970991177279
"2604","burren.ie",1,3,2016,"Slieve Carran","Europe","IE","Europe",1,0,1,0,"calcareous grassland",112,53.072023,-8.992624,502,9.766666715,6.7333333,40.079363,376.2997703,18.20000076,1.399999976,16.80000079,7.749999881,11,14.6500001,5.566666702,1320,141,73,22.3927465,419,242,286,378,1.8189,613,349.277006866667,"Experimental (Full Factorial)",1,0,1,0,"NK",2016,2016,1,0,128,0,129,0,25,0,26,63,82,80,0,3.1538,21.07,NA,341.5,NA,0.00720620842572062,902,6.5,7.715,0.62,8,184,1514,121,31,50,4.8,161,560,0.4,1,5.5,NA,NA,NA,NA,26,2.51904589231787,7.73640167364017,0.77316490255
"2605","burren.ie",1,3,2017,"Slieve Carran","Europe","IE","Europe",1,0,1,0,"calcareous grassland",112,53.072023,-8.992624,502,9.766666715,6.7333333,40.079363,376.2997703,18.20000076,1.399999976,16.80000079,7.749999881,11,14.6500001,5.566666702,1320,141,73,22.3927465,419,242,286,378,1.8189,613,349.277006866667,"Experimental (Full Factorial)",1,0,1,0,"NK",2016,2016,2,0,140,0,140,0,23,0,23,60,82,80,0,3.5652,36.5,NA,402.95,NA,0.00142857142857143,350,0.5,7.715,0.62,8,184,1514,121,31,50,4.8,161,560,0.4,1,5.5,NA,NA,NA,NA,23,2.57884319837449,10,0.822467853799022
"2606","burren.ie",1,3,2018,"Slieve Carran","Europe","IE","Europe",1,0,1,0,"calcareous grassland",112,53.072023,-8.992624,502,9.766666715,6.7333333,40.079363,376.2997703,18.20000076,1.399999976,16.80000079,7.749999881,11,14.6500001,5.566666702,1320,141,73,22.3927465,419,242,286,378,1.8189,613,349.277006866667,"Experimental (Full Factorial)",1,0,1,0,"NK",2016,2016,3,0,81,0,81,0,21,0,21,57,82,80,0,3.9048,316.2,NA,503.1,NA,NA,NA,NA,7.715,0.62,8,184,1514,121,31,50,4.8,161,560,0.4,1,5.5,NA,NA,NA,NA,21,2.45468624412537,8.1706102117061,0.806263147779882
"2607","burren.ie",1,4,2015,"Slieve Carran","Europe","IE","Europe",1,0,1,0,"calcareous grassland",112,53.072023,-8.992624,502,9.766666715,6.7333333,40.079363,376.2997703,18.20000076,1.399999976,16.80000079,7.749999881,11,14.6500001,5.566666702,1320,141,73,22.3927465,419,242,286,378,1.8189,613,349.277006866667,"Experimental (Full Factorial)",1,1,0,0,"NP",2016,2016,0,0,101,0,101,0,30,0,30,61,82,80,0,2.7333,107.45,NA,213.8,NA,0.185053380782918,562,104,7.075,0.544,5,215,1654,115,31,54,8.6,125,528,0.7,1,5.4,NA,NA,NA,NA,30,2.89007393430022,13.1287001287001,0.849722497695164
"2608","burren.ie",1,4,2016,"Slieve Carran","Europe","IE","Europe",1,0,1,0,"calcareous grassland",112,53.072023,-8.992624,502,9.766666715,6.7333333,40.079363,376.2997703,18.20000076,1.399999976,16.80000079,7.749999881,11,14.6500001,5.566666702,1320,141,73,22.3927465,419,242,286,378,1.8189,613,349.277006866667,"Experimental (Full Factorial)",1,1,0,0,"NP",2016,2016,1,0,123,0,123,0,29,0,29,63,82,80,0,2.8276,24.82,NA,588.22,NA,0.00377155172413793,928,3.5,7.075,0.544,5,215,1654,115,31,54,8.6,125,528,0.7,1,5.4,NA,NA,NA,NA,29,2.79436977760458,10.8763479511143,0.829855741429111
"2609","burren.ie",1,4,2017,"Slieve Carran","Europe","IE","Europe",1,0,1,0,"calcareous grassland",112,53.072023,-8.992624,502,9.766666715,6.7333333,40.079363,376.2997703,18.20000076,1.399999976,16.80000079,7.749999881,11,14.6500001,5.566666702,1320,141,73,22.3927465,419,242,286,378,1.8189,613,349.277006866667,"Experimental (Full Factorial)",1,1,0,0,"NP",2016,2016,2,0,131,0,131,0,21,0,21,60,82,80,0,3.9048,71.5,NA,849.7,NA,0.00278551532033426,359,1,7.075,0.544,5,215,1654,115,31,54,8.6,125,528,0.7,1,5.4,NA,NA,NA,NA,21,1.63303278160507,2.32691525423729,0.536383887788387
"2610","burren.ie",1,4,2018,"Slieve Carran","Europe","IE","Europe",1,0,1,0,"calcareous grassland",112,53.072023,-8.992624,502,9.766666715,6.7333333,40.079363,376.2997703,18.20000076,1.399999976,16.80000079,7.749999881,11,14.6500001,5.566666702,1320,141,73,22.3927465,419,242,286,378,1.8189,613,349.277006866667,"Experimental (Full Factorial)",1,1,0,0,"NP",2016,2016,3,0,131,0,131,0,15,0,15,57,82,80,0,5.4667,145.6,NA,811.45,NA,NA,NA,NA,7.075,0.544,5,215,1654,115,31,54,8.6,125,528,0.7,1,5.4,NA,NA,NA,NA,15,1.50252256486794,2.48818326808757,0.554835565550594
"2611","burren.ie",1,5,2015,"Slieve Carran","Europe","IE","Europe",1,0,1,0,"calcareous grassland",112,53.072023,-8.992624,502,9.766666715,6.7333333,40.079363,376.2997703,18.20000076,1.399999976,16.80000079,7.749999881,11,14.6500001,5.566666702,1320,141,73,22.3927465,419,242,286,378,1.8189,613,349.277006866667,"Experimental (Full Factorial)",0,0,0,1,"Fence",2016,2016,0,0,119,0,119,0,23,0,23,61,82,80,0,3.5652,200.15,NA,232.4,NA,0.0700354609929078,564,39.5,6.556,0.525,6,146,1169,110,36,48,4.1,154,650,0.2,1,5.4,NA,NA,NA,NA,23,2.18093986221032,5.18148554701793,0.695564945114731
"2612","burren.ie",1,5,2016,"Slieve Carran","Europe","IE","Europe",1,0,1,0,"calcareous grassland",112,53.072023,-8.992624,502,9.766666715,6.7333333,40.079363,376.2997703,18.20000076,1.399999976,16.80000079,7.749999881,11,14.6500001,5.566666702,1320,141,73,22.3927465,419,242,286,378,1.8189,613,349.277006866667,"Experimental (Full Factorial)",0,0,0,1,"Fence",2016,2016,1,0,121,0,121,0,24,0,24,63,82,80,0,3.4167,31.97,NA,553.72,NA,0.00281531531531532,888,2.5,6.556,0.525,6,146,1169,110,36,48,4.1,154,650,0.2,1,5.4,NA,NA,NA,NA,24,2.55846417686337,8.72007147111376,0.805041170930468
"2613","burren.ie",1,5,2017,"Slieve Carran","Europe","IE","Europe",1,0,1,0,"calcareous grassland",112,53.072023,-8.992624,502,9.766666715,6.7333333,40.079363,376.2997703,18.20000076,1.399999976,16.80000079,7.749999881,11,14.6500001,5.566666702,1320,141,73,22.3927465,419,242,286,378,1.8189,613,349.277006866667,"Experimental (Full Factorial)",0,0,0,1,"Fence",2016,2016,2,0,119,0,119,0,22,0,22,60,82,80,0,3.7273,72,NA,557.05,NA,0.0390243902439024,410,16,6.556,0.525,6,146,1169,110,36,48,4.1,154,650,0.2,1,5.4,NA,NA,NA,NA,22,1.97045578118668,3.54468085106383,0.637472894960031
"2614","burren.ie",1,5,2018,"Slieve Carran","Europe","IE","Europe",1,0,1,0,"calcareous grassland",112,53.072023,-8.992624,502,9.766666715,6.7333333,40.079363,376.2997703,18.20000076,1.399999976,16.80000079,7.749999881,11,14.6500001,5.566666702,1320,141,73,22.3927465,419,242,286,378,1.8189,613,349.277006866667,"Experimental (Full Factorial)",0,0,0,1,"Fence",2016,2016,3,0,139,0,139,0,16,0,16,57,82,80,0,5.125,367.6,NA,966.5,NA,NA,NA,NA,6.556,0.525,6,146,1169,110,36,48,4.1,154,650,0.2,1,5.4,NA,NA,NA,NA,16,2.02373803626426,4.42431875429357,0.729909207244204
"2615","burren.ie",1,6,2015,"Slieve Carran","Europe","IE","Europe",1,0,1,0,"calcareous grassland",112,53.072023,-8.992624,502,9.766666715,6.7333333,40.079363,376.2997703,18.20000076,1.399999976,16.80000079,7.749999881,11,14.6500001,5.566666702,1320,141,73,22.3927465,419,242,286,378,1.8189,613,349.277006866667,"Experimental (Full Factorial)",1,1,1,1,"NPK+Fence",2016,2016,0,0,132,0,132,0,20,0,20,61,82,80,0,4.1,185.2,NA,274.1,NA,0.124149659863946,588,73,6.192,0.492,9,167,1115,115,29,51,3.1,87,514,1.3,0.8,5.3,NA,NA,NA,NA,20,2.44009081638075,8.59171597633136,0.814522324949268
"2616","burren.ie",1,6,2016,"Slieve Carran","Europe","IE","Europe",1,0,1,0,"calcareous grassland",112,53.072023,-8.992624,502,9.766666715,6.7333333,40.079363,376.2997703,18.20000076,1.399999976,16.80000079,7.749999881,11,14.6500001,5.566666702,1320,141,73,22.3927465,419,242,286,378,1.8189,613,349.277006866667,"Experimental (Full Factorial)",1,1,1,1,"NPK+Fence",2016,2016,1,0,135,0,135,0,14,0,14,63,82,80,0,5.8571,0,NA,705.02,NA,0.00087719298245614,1140,1,6.192,0.492,9,167,1115,115,29,51,3.1,87,514,1.3,0.8,5.3,NA,NA,NA,NA,14,1.59276064612285,2.90160802419997,0.603533931699413
"2617","burren.ie",1,6,2017,"Slieve Carran","Europe","IE","Europe",1,0,1,0,"calcareous grassland",112,53.072023,-8.992624,502,9.766666715,6.7333333,40.079363,376.2997703,18.20000076,1.399999976,16.80000079,7.749999881,11,14.6500001,5.566666702,1320,141,73,22.3927465,419,242,286,378,1.8189,613,349.277006866667,"Experimental (Full Factorial)",1,1,1,1,"NPK+Fence",2016,2016,2,0,103,0,103,0,9,0,9,60,82,80,0,9.1111,20.8,NA,1092.05,NA,0,345,0,6.192,0.492,9,167,1115,115,29,51,3.1,87,514,1.3,0.8,5.3,NA,NA,NA,NA,9,0.823377744039698,1.59894498869631,0.374735360478222
"2618","burren.ie",1,6,2018,"Slieve Carran","Europe","IE","Europe",1,0,1,0,"calcareous grassland",112,53.072023,-8.992624,502,9.766666715,6.7333333,40.079363,376.2997703,18.20000076,1.399999976,16.80000079,7.749999881,11,14.6500001,5.566666702,1320,141,73,22.3927465,419,242,286,378,1.8189,613,349.277006866667,"Experimental (Full Factorial)",1,1,1,1,"NPK+Fence",2016,2016,3,0,116,0,116,0,4,0,4,57,82,80,0,20.5,219.25,NA,420.65,NA,NA,NA,NA,6.192,0.492,9,167,1115,115,29,51,3.1,87,514,1.3,0.8,5.3,NA,NA,NA,NA,4,1.03097766042233,2.57481821660926,0.743693178979302
"2619","burren.ie",1,7,2015,"Slieve Carran","Europe","IE","Europe",1,0,1,0,"calcareous grassland",112,53.072023,-8.992624,502,9.766666715,6.7333333,40.079363,376.2997703,18.20000076,1.399999976,16.80000079,7.749999881,11,14.6500001,5.566666702,1320,141,73,22.3927465,419,242,286,378,1.8189,613,349.277006866667,"Experimental (Full Factorial)",0,1,0,0,"P",2016,2016,0,0,128,0,128,0,24,0,24,61,82,80,0,3.4167,169.55,NA,235.25,NA,0.0536626916524702,587,31.5,6.113,0.48,5,162,1052,105,35,47,4,166,714,0.2,0.9,5.4,NA,NA,NA,NA,24,2.38413773776416,6.14553638409602,0.750187965665495
"2620","burren.ie",1,7,2016,"Slieve Carran","Europe","IE","Europe",1,0,1,0,"calcareous grassland",112,53.072023,-8.992624,502,9.766666715,6.7333333,40.079363,376.2997703,18.20000076,1.399999976,16.80000079,7.749999881,11,14.6500001,5.566666702,1320,141,73,22.3927465,419,242,286,378,1.8189,613,349.277006866667,"Experimental (Full Factorial)",0,1,0,0,"P",2016,2016,1,0,105,0,105,0,23,0,23,63,82,80,0,3.5652,31.57,NA,745.04,NA,0.00364583333333333,960,3.5,6.113,0.48,5,162,1052,105,35,47,4,166,714,0.2,0.9,5.4,NA,NA,NA,NA,23,2.18361306320564,4.93730407523511,0.696417506405307
"2621","burren.ie",1,7,2017,"Slieve Carran","Europe","IE","Europe",1,0,1,0,"calcareous grassland",112,53.072023,-8.992624,502,9.766666715,6.7333333,40.079363,376.2997703,18.20000076,1.399999976,16.80000079,7.749999881,11,14.6500001,5.566666702,1320,141,73,22.3927465,419,242,286,378,1.8189,613,349.277006866667,"Experimental (Full Factorial)",0,1,0,0,"P",2016,2016,2,0,139,0,139,0,22,0,22,60,82,80,0,3.7273,82.4,NA,350.55,NA,0.00135135135135135,370,0.5,6.113,0.48,5,162,1052,105,35,47,4,166,714,0.2,0.9,5.4,NA,NA,NA,NA,22,2.00396555867226,4.10299426629858,0.64831382580819
"2622","burren.ie",1,7,2018,"Slieve Carran","Europe","IE","Europe",1,0,1,0,"calcareous grassland",112,53.072023,-8.992624,502,9.766666715,6.7333333,40.079363,376.2997703,18.20000076,1.399999976,16.80000079,7.749999881,11,14.6500001,5.566666702,1320,141,73,22.3927465,419,242,286,378,1.8189,613,349.277006866667,"Experimental (Full Factorial)",0,1,0,0,"P",2016,2016,3,0,161,0,161,0,19,0,19,57,82,80,0,4.3158,302.8,NA,814.65,NA,NA,NA,NA,6.113,0.48,5,162,1052,105,35,47,4,166,714,0.2,0.9,5.4,NA,NA,NA,NA,19,1.90429502474217,4.36307019020367,0.646742906956512
"2623","burren.ie",1,8,2015,"Slieve Carran","Europe","IE","Europe",1,0,1,0,"calcareous grassland",112,53.072023,-8.992624,502,9.766666715,6.7333333,40.079363,376.2997703,18.20000076,1.399999976,16.80000079,7.749999881,11,14.6500001,5.566666702,1320,141,73,22.3927465,419,242,286,378,1.8189,613,349.277006866667,"Experimental (Full Factorial)",1,0,0,0,"N",2016,2016,0,0,108,0,108,0,26,0,26,61,82,80,0,3.1538,181.85,NA,248.1,NA,0.150259067357513,579,87,7.627,0.582,4,222,3480,133,37,47,2.7,144,537,0.9,1,6.4,NA,NA,NA,NA,26,2.65875744569894,9.72,0.816046244999696
"2624","burren.ie",1,8,2016,"Slieve Carran","Europe","IE","Europe",1,0,1,0,"calcareous grassland",112,53.072023,-8.992624,502,9.766666715,6.7333333,40.079363,376.2997703,18.20000076,1.399999976,16.80000079,7.749999881,11,14.6500001,5.566666702,1320,141,73,22.3927465,419,242,286,378,1.8189,613,349.277006866667,"Experimental (Full Factorial)",1,0,0,0,"N",2016,2016,1,0,133,0,133,0,26,0,26,63,82,80,0,3.1538,12.62,NA,696.06,NA,0.00389105058365759,1028,4,7.627,0.582,4,222,3480,133,37,47,2.7,144,537,0.9,1,6.4,NA,NA,NA,NA,26,2.7205627604794,10.9801365611421,0.835016006656296
"2625","burren.ie",1,8,2017,"Slieve Carran","Europe","IE","Europe",1,0,1,0,"calcareous grassland",112,53.072023,-8.992624,502,9.766666715,6.7333333,40.079363,376.2997703,18.20000076,1.399999976,16.80000079,7.749999881,11,14.6500001,5.566666702,1320,141,73,22.3927465,419,242,286,378,1.8189,613,349.277006866667,"Experimental (Full Factorial)",1,0,0,0,"N",2016,2016,2,0,147,0,147,0,26,0,26,60,82,80,0,3.1538,82.5,NA,443.05,NA,0.00272479564032698,367,1,7.627,0.582,4,222,3480,133,37,47,2.7,144,537,0.9,1,6.4,NA,NA,NA,NA,26,2.57351665825828,8.21947508558387,0.78988348817346
"2626","burren.ie",1,8,2018,"Slieve Carran","Europe","IE","Europe",1,0,1,0,"calcareous grassland",112,53.072023,-8.992624,502,9.766666715,6.7333333,40.079363,376.2997703,18.20000076,1.399999976,16.80000079,7.749999881,11,14.6500001,5.566666702,1320,141,73,22.3927465,419,242,286,378,1.8189,613,349.277006866667,"Experimental (Full Factorial)",1,0,0,0,"N",2016,2016,3,0,165,0,165,0,23,0,23,57,82,80,0,3.5652,470.15,NA,673.55,NA,NA,NA,NA,7.627,0.582,4,222,3480,133,37,47,2.7,144,537,0.9,1,6.4,NA,NA,NA,NA,23,2.0912242331286,3.85896527285613,0.666952030242831
"2627","burren.ie",1,9,2015,"Slieve Carran","Europe","IE","Europe",1,0,1,0,"calcareous grassland",112,53.072023,-8.992624,502,9.766666715,6.7333333,40.079363,376.2997703,18.20000076,1.399999976,16.80000079,7.749999881,11,14.6500001,5.566666702,1320,141,73,22.3927465,419,242,286,378,1.8189,613,349.277006866667,"Experimental (Full Factorial)",0,0,1,0,"K",2016,2016,0,0,159,0,160,0,27,0,28,61,82,80,0,2.9286,165.4,NA,294.2,NA,0.155950752393981,731,114,7.354,0.572,4,205,1613,109,33,57,4.4,107,431,1.2,0.9,5.5,NA,NA,NA,NA,28,2.78645966462674,12.3791102514507,0.836221083105201
"2628","burren.ie",1,9,2016,"Slieve Carran","Europe","IE","Europe",1,0,1,0,"calcareous grassland",112,53.072023,-8.992624,502,9.766666715,6.7333333,40.079363,376.2997703,18.20000076,1.399999976,16.80000079,7.749999881,11,14.6500001,5.566666702,1320,141,73,22.3927465,419,242,286,378,1.8189,613,349.277006866667,"Experimental (Full Factorial)",0,0,1,0,"K",2016,2016,1,0,145,0,145,0,27,0,27,63,82,80,0,3.037,3.72,NA,458.52,NA,0.00588235294117647,935,5.5,7.354,0.572,4,205,1613,109,33,57,4.4,107,431,1.2,0.9,5.5,NA,NA,NA,NA,27,2.69261913512381,10.5812783090086,0.816975853051906
"2629","burren.ie",1,9,2017,"Slieve Carran","Europe","IE","Europe",1,0,1,0,"calcareous grassland",112,53.072023,-8.992624,502,9.766666715,6.7333333,40.079363,376.2997703,18.20000076,1.399999976,16.80000079,7.749999881,11,14.6500001,5.566666702,1320,141,73,22.3927465,419,242,286,378,1.8189,613,349.277006866667,"Experimental (Full Factorial)",0,0,1,0,"K",2016,2016,2,0,126,0,126,0,30,0,30,60,82,80,0,2.7333,98.85,NA,562.05,NA,0.00840336134453781,357,3,7.354,0.572,4,205,1613,109,33,57,4.4,107,431,1.2,0.9,5.5,NA,NA,NA,NA,30,2.97373299509922,13.3861720067454,0.874319441480332
"2630","burren.ie",1,9,2018,"Slieve Carran","Europe","IE","Europe",1,0,1,0,"calcareous grassland",112,53.072023,-8.992624,502,9.766666715,6.7333333,40.079363,376.2997703,18.20000076,1.399999976,16.80000079,7.749999881,11,14.6500001,5.566666702,1320,141,73,22.3927465,419,242,286,378,1.8189,613,349.277006866667,"Experimental (Full Factorial)",0,0,1,0,"K",2016,2016,3,0,125,0,125,0,26,0,26,57,82,80,0,3.1538,413.45,NA,625.8,NA,NA,NA,NA,7.354,0.572,4,205,1613,109,33,57,4.4,107,431,1.2,0.9,5.5,NA,NA,NA,NA,26,2.68431275792505,9.47543966040024,0.823889877601704
"2631","burren.ie",1,10,2015,"Slieve Carran","Europe","IE","Europe",1,0,1,0,"calcareous grassland",112,53.072023,-8.992624,502,9.766666715,6.7333333,40.079363,376.2997703,18.20000076,1.399999976,16.80000079,7.749999881,11,14.6500001,5.566666702,1320,141,73,22.3927465,419,242,286,378,1.8189,613,349.277006866667,"Experimental (Full Factorial)",1,1,1,0,"NPK",2016,2016,0,0,130,0,130,0,24,0,24,61,82,80,0,3.4167,105.6,NA,256.05,NA,0.284960422163588,758,216,8.49,0.745,10,262,1963,148,41,52,10.7,182,489,2.2,1.2,5.6,NA,NA,NA,NA,24,2.35275187646256,6.41271676300578,0.740312153933833
"2632","burren.ie",1,10,2016,"Slieve Carran","Europe","IE","Europe",1,0,1,0,"calcareous grassland",112,53.072023,-8.992624,502,9.766666715,6.7333333,40.079363,376.2997703,18.20000076,1.399999976,16.80000079,7.749999881,11,14.6500001,5.566666702,1320,141,73,22.3927465,419,242,286,378,1.8189,613,349.277006866667,"Experimental (Full Factorial)",1,1,1,0,"NPK",2016,2016,1,0,136,0,136,0,24,0,24,63,82,80,0,3.4167,55.55,NA,835.67,NA,0,990,0,8.49,0.745,10,262,1963,148,41,52,10.7,182,489,2.2,1.2,5.6,NA,NA,NA,NA,24,2.37980862061529,6.47165850244926,0.748825774406325
"2633","burren.ie",1,10,2017,"Slieve Carran","Europe","IE","Europe",1,0,1,0,"calcareous grassland",112,53.072023,-8.992624,502,9.766666715,6.7333333,40.079363,376.2997703,18.20000076,1.399999976,16.80000079,7.749999881,11,14.6500001,5.566666702,1320,141,73,22.3927465,419,242,286,378,1.8189,613,349.277006866667,"Experimental (Full Factorial)",1,1,1,0,"NPK",2016,2016,2,0,138,0,138,0,16,0,16,60,82,80,0,5.125,96.55,NA,985.6,NA,0.140495867768595,363,51,8.49,0.745,10,262,1963,148,41,52,10.7,182,489,2.2,1.2,5.6,NA,NA,NA,NA,16,1.64642469800364,2.7817703768624,0.593822186751739
"2634","burren.ie",1,10,2018,"Slieve Carran","Europe","IE","Europe",1,0,1,0,"calcareous grassland",112,53.072023,-8.992624,502,9.766666715,6.7333333,40.079363,376.2997703,18.20000076,1.399999976,16.80000079,7.749999881,11,14.6500001,5.566666702,1320,141,73,22.3927465,419,242,286,378,1.8189,613,349.277006866667,"Experimental (Full Factorial)",1,1,1,0,"NPK",2016,2016,3,0,128,0,128,0,15,0,15,57,82,80,0,5.4667,117.2,NA,705.95,NA,NA,NA,NA,8.49,0.745,10,262,1963,148,41,52,10.7,182,489,2.2,1.2,5.6,NA,NA,NA,NA,15,1.76901584707414,3.4161801501251,0.653243372797938
"2635","burren.ie",2,11,2015,"Slieve Carran","Europe","IE","Europe",1,0,1,0,"calcareous grassland",112,53.072023,-8.992624,502,9.766666715,6.7333333,40.079363,376.2997703,18.20000076,1.399999976,16.80000079,7.749999881,11,14.6500001,5.566666702,1320,141,73,22.3927465,419,242,286,378,1.8189,613,349.277006866667,"Experimental (Full Factorial)",0,0,1,0,"K",2016,2016,0,0,107,0,108,0,24,0,25,61,82,80,0,3.28,134.7,NA,227.2,NA,0.12360248447205,805,99.5,7.718,0.633,7,172,1881,128,43,57,5.8,131,463,1.4,1.1,5.4,NA,NA,NA,NA,25,2.48135348301585,6.8051341890315,0.770875801994459
"2636","burren.ie",2,11,2016,"Slieve Carran","Europe","IE","Europe",1,0,1,0,"calcareous grassland",112,53.072023,-8.992624,502,9.766666715,6.7333333,40.079363,376.2997703,18.20000076,1.399999976,16.80000079,7.749999881,11,14.6500001,5.566666702,1320,141,73,22.3927465,419,242,286,378,1.8189,613,349.277006866667,"Experimental (Full Factorial)",0,0,1,0,"K",2016,2016,1,0,135,0,135,0,26,0,26,63,82,80,0,3.1538,48.82,NA,551.42,NA,0.00797872340425532,940,7.5,7.718,0.633,7,172,1881,128,43,57,5.8,131,463,1.4,1.1,5.4,NA,NA,NA,NA,26,2.37834555577359,6.54868846568451,0.729980075181526
"2637","burren.ie",2,11,2017,"Slieve Carran","Europe","IE","Europe",1,0,1,0,"calcareous grassland",112,53.072023,-8.992624,502,9.766666715,6.7333333,40.079363,376.2997703,18.20000076,1.399999976,16.80000079,7.749999881,11,14.6500001,5.566666702,1320,141,73,22.3927465,419,242,286,378,1.8189,613,349.277006866667,"Experimental (Full Factorial)",0,0,1,0,"K",2016,2016,2,0,138,0,139,0,23,0,24,60,82,80,0,3.4167,140,NA,235.85,NA,0.0222222222222222,360,8,7.718,0.633,7,172,1881,128,43,57,5.8,131,463,1.4,1.1,5.4,NA,NA,NA,NA,24,2.59302656299077,9.76301162203133,0.815916501548647
"2638","burren.ie",2,11,2018,"Slieve Carran","Europe","IE","Europe",1,0,1,0,"calcareous grassland",112,53.072023,-8.992624,502,9.766666715,6.7333333,40.079363,376.2997703,18.20000076,1.399999976,16.80000079,7.749999881,11,14.6500001,5.566666702,1320,141,73,22.3927465,419,242,286,378,1.8189,613,349.277006866667,"Experimental (Full Factorial)",0,0,1,0,"K",2016,2016,3,0,147,0,147,0,25,0,25,57,82,80,0,3.28,345.85,NA,515.55,NA,NA,NA,NA,7.718,0.633,7,172,1881,128,43,57,5.8,131,463,1.4,1.1,5.4,NA,NA,NA,NA,25,2.37994774785471,6.23996534796419,0.739372339084301
"2639","burren.ie",2,12,2015,"Slieve Carran","Europe","IE","Europe",1,0,1,0,"calcareous grassland",112,53.072023,-8.992624,502,9.766666715,6.7333333,40.079363,376.2997703,18.20000076,1.399999976,16.80000079,7.749999881,11,14.6500001,5.566666702,1320,141,73,22.3927465,419,242,286,378,1.8189,613,349.277006866667,"Experimental (Full Factorial)",1,0,1,0,"NK",2016,2016,0,0,114,0,115,0,28,0,29,61,82,80,0,2.8276,136.7,NA,223.85,NA,0.17687074829932,882,156,7.102,0.554,5,163,1316,106,28,53,3.3,108,359,1.2,0.8,5.2,NA,NA,NA,NA,29,2.74205405976684,11.0887372013652,0.814319322748028
"2640","burren.ie",2,12,2016,"Slieve Carran","Europe","IE","Europe",1,0,1,0,"calcareous grassland",112,53.072023,-8.992624,502,9.766666715,6.7333333,40.079363,376.2997703,18.20000076,1.399999976,16.80000079,7.749999881,11,14.6500001,5.566666702,1320,141,73,22.3927465,419,242,286,378,1.8189,613,349.277006866667,"Experimental (Full Factorial)",1,0,1,0,"NK",2016,2016,1,0,133,0,133,0,29,0,29,63,82,80,0,2.8276,14.27,NA,755.54,NA,0.030982905982906,936,29,7.102,0.554,5,163,1316,106,28,53,3.3,108,359,1.2,0.8,5.2,NA,NA,NA,NA,29,2.79381284744181,10.9529411764706,0.82969034753713
"2641","burren.ie",2,12,2017,"Slieve Carran","Europe","IE","Europe",1,0,1,0,"calcareous grassland",112,53.072023,-8.992624,502,9.766666715,6.7333333,40.079363,376.2997703,18.20000076,1.399999976,16.80000079,7.749999881,11,14.6500001,5.566666702,1320,141,73,22.3927465,419,242,286,378,1.8189,613,349.277006866667,"Experimental (Full Factorial)",1,0,1,0,"NK",2016,2016,2,0,149,0,149,0,26,0,26,60,82,80,0,3.1538,275.05,NA,521.55,NA,0.00940860215053763,372,3.5,7.102,0.554,5,163,1316,106,28,53,3.3,108,359,1.2,0.8,5.2,NA,NA,NA,NA,26,2.73950947512621,11.0397812033814,0.840831277758825
"2642","burren.ie",2,12,2018,"Slieve Carran","Europe","IE","Europe",1,0,1,0,"calcareous grassland",112,53.072023,-8.992624,502,9.766666715,6.7333333,40.079363,376.2997703,18.20000076,1.399999976,16.80000079,7.749999881,11,14.6500001,5.566666702,1320,141,73,22.3927465,419,242,286,378,1.8189,613,349.277006866667,"Experimental (Full Factorial)",1,0,1,0,"NK",2016,2016,3,0,131,0,131,0,19,0,19,57,82,80,0,4.3158,472.85,NA,590.55,NA,NA,NA,NA,7.102,0.554,5,163,1316,106,28,53,3.3,108,359,1.2,0.8,5.2,NA,NA,NA,NA,19,2.24776131816616,6.88920112404657,0.763392053314852
"2643","burren.ie",2,13,2015,"Slieve Carran","Europe","IE","Europe",1,0,1,0,"calcareous grassland",112,53.072023,-8.992624,502,9.766666715,6.7333333,40.079363,376.2997703,18.20000076,1.399999976,16.80000079,7.749999881,11,14.6500001,5.566666702,1320,141,73,22.3927465,419,242,286,378,1.8189,613,349.277006866667,"Experimental (Full Factorial)",0,1,0,0,"P",2016,2016,0,0,138,0,138,0,25,0,25,61,82,80,0,3.28,158.1,NA,161.5,NA,0.101704545454545,880,89.5,8.083,0.66,5,136,2171,107,35,53,3.9,220,351,2,1,5.6,NA,NA,NA,NA,25,2.52398814361551,7.77941176470588,0.784121004021289
"2644","burren.ie",2,13,2016,"Slieve Carran","Europe","IE","Europe",1,0,1,0,"calcareous grassland",112,53.072023,-8.992624,502,9.766666715,6.7333333,40.079363,376.2997703,18.20000076,1.399999976,16.80000079,7.749999881,11,14.6500001,5.566666702,1320,141,73,22.3927465,419,242,286,378,1.8189,613,349.277006866667,"Experimental (Full Factorial)",0,1,0,0,"P",2016,2016,1,0,119,0,120,0,29,0,30,63,82,80,0,2.7333,10.1,NA,511.04,NA,0.00729166666666667,960,7,8.083,0.66,5,136,2171,107,35,53,3.9,220,351,2,1,5.6,NA,NA,NA,NA,30,2.79933204948264,11.1801242236025,0.823043103753836
"2645","burren.ie",2,13,2017,"Slieve Carran","Europe","IE","Europe",1,0,1,0,"calcareous grassland",112,53.072023,-8.992624,502,9.766666715,6.7333333,40.079363,376.2997703,18.20000076,1.399999976,16.80000079,7.749999881,11,14.6500001,5.566666702,1320,141,73,22.3927465,419,242,286,378,1.8189,613,349.277006866667,"Experimental (Full Factorial)",0,1,0,0,"P",2016,2016,2,0,125,0,126,0,27,0,28,60,82,80,0,2.9286,298.45,NA,578.5,NA,0.00112612612612613,444,0.5,8.083,0.66,5,136,2171,107,35,53,3.9,220,351,2,1,5.6,NA,NA,NA,NA,28,2.66822410418834,8.52631578947368,0.800738398870976
"2646","burren.ie",2,13,2018,"Slieve Carran","Europe","IE","Europe",1,0,1,0,"calcareous grassland",112,53.072023,-8.992624,502,9.766666715,6.7333333,40.079363,376.2997703,18.20000076,1.399999976,16.80000079,7.749999881,11,14.6500001,5.566666702,1320,141,73,22.3927465,419,242,286,378,1.8189,613,349.277006866667,"Experimental (Full Factorial)",0,1,0,0,"P",2016,2016,3,0,138,0,138,0,18,0,18,57,82,80,0,4.5556,295.8,NA,622.1,NA,NA,NA,NA,8.083,0.66,5,136,2171,107,35,53,3.9,220,351,2,1,5.6,NA,NA,NA,NA,18,1.83628456021871,3.97578288100209,0.635310857574702
"2647","burren.ie",2,14,2015,"Slieve Carran","Europe","IE","Europe",1,0,1,0,"calcareous grassland",112,53.072023,-8.992624,502,9.766666715,6.7333333,40.079363,376.2997703,18.20000076,1.399999976,16.80000079,7.749999881,11,14.6500001,5.566666702,1320,141,73,22.3927465,419,242,286,378,1.8189,613,349.277006866667,"Experimental (Full Factorial)",1,1,1,0,"NPK",2016,2016,0,0,102,0,108,0,27,0,29,61,82,80,0,2.8276,164,NA,190.7,NA,0.396315789473684,950,376.5,7.517,0.546,4,147,1310,91,33,51,4,231,376,1.4,0.8,5.3,NA,NA,NA,NA,29,2.75523399019604,9.83473861720067,0.818233422100936
"2648","burren.ie",2,14,2016,"Slieve Carran","Europe","IE","Europe",1,0,1,0,"calcareous grassland",112,53.072023,-8.992624,502,9.766666715,6.7333333,40.079363,376.2997703,18.20000076,1.399999976,16.80000079,7.749999881,11,14.6500001,5.566666702,1320,141,73,22.3927465,419,242,286,378,1.8189,613,349.277006866667,"Experimental (Full Factorial)",1,1,1,0,"NPK",2016,2016,1,0,125,0,126,0,28,0,29,63,82,80,0,2.8276,0,NA,428.77,NA,0.0194942044257113,949,18.5,7.517,0.546,4,147,1310,91,33,51,4,231,376,1.4,0.8,5.3,NA,NA,NA,NA,29,2.47659179447034,6.05491990846682,0.735483877720446
"2649","burren.ie",2,14,2017,"Slieve Carran","Europe","IE","Europe",1,0,1,0,"calcareous grassland",112,53.072023,-8.992624,502,9.766666715,6.7333333,40.079363,376.2997703,18.20000076,1.399999976,16.80000079,7.749999881,11,14.6500001,5.566666702,1320,141,73,22.3927465,419,242,286,378,1.8189,613,349.277006866667,"Experimental (Full Factorial)",1,1,1,0,"NPK",2016,2016,2,0,168,0,168,0,19,0,19,60,82,80,0,4.3158,64.35,NA,476.4,NA,0.00307692307692308,650,2,7.517,0.546,4,147,1310,91,33,51,4,231,376,1.4,0.8,5.3,NA,NA,NA,NA,19,2.01856453596757,4.17885697364525,0.685551492236738
"2650","burren.ie",2,14,2018,"Slieve Carran","Europe","IE","Europe",1,0,1,0,"calcareous grassland",112,53.072023,-8.992624,502,9.766666715,6.7333333,40.079363,376.2997703,18.20000076,1.399999976,16.80000079,7.749999881,11,14.6500001,5.566666702,1320,141,73,22.3927465,419,242,286,378,1.8189,613,349.277006866667,"Experimental (Full Factorial)",1,1,1,0,"NPK",2016,2016,3,0,128,0,128,0,12,0,12,57,82,80,0,6.8333,289.85,NA,620.25,NA,NA,NA,NA,7.517,0.546,4,147,1310,91,33,51,4,231,376,1.4,0.8,5.3,NA,NA,NA,NA,12,1.76682609046706,3.75435380384968,0.711023124598178
"2651","burren.ie",2,15,2015,"Slieve Carran","Europe","IE","Europe",1,0,1,0,"calcareous grassland",112,53.072023,-8.992624,502,9.766666715,6.7333333,40.079363,376.2997703,18.20000076,1.399999976,16.80000079,7.749999881,11,14.6500001,5.566666702,1320,141,73,22.3927465,419,242,286,378,1.8189,613,349.277006866667,"Experimental (Full Factorial)",1,0,0,0,"N",2016,2016,0,0,104,0,106,0,20,0,21,61,82,80,0,3.9048,334,NA,224.8,NA,0.092756183745583,1132,105,7.242,0.552,4,137,1682,106,19,50,4.8,195,345,1.3,0.9,5.4,NA,NA,NA,NA,21,2.4270765856524,7.33420365535248,0.797194514180449
"2652","burren.ie",2,15,2016,"Slieve Carran","Europe","IE","Europe",1,0,1,0,"calcareous grassland",112,53.072023,-8.992624,502,9.766666715,6.7333333,40.079363,376.2997703,18.20000076,1.399999976,16.80000079,7.749999881,11,14.6500001,5.566666702,1320,141,73,22.3927465,419,242,286,378,1.8189,613,349.277006866667,"Experimental (Full Factorial)",1,0,0,0,"N",2016,2016,1,0,110,0,111,0,25,0,26,63,82,80,0,3.1538,263.97,NA,772.53,NA,0.0146147032772365,1129,16.5,7.242,0.552,4,137,1682,106,19,50,4.8,195,345,1.3,0.9,5.4,NA,NA,NA,NA,26,1.78907631469862,2.46765471660324,0.549117036226635
"2653","burren.ie",2,15,2017,"Slieve Carran","Europe","IE","Europe",1,0,1,0,"calcareous grassland",112,53.072023,-8.992624,502,9.766666715,6.7333333,40.079363,376.2997703,18.20000076,1.399999976,16.80000079,7.749999881,11,14.6500001,5.566666702,1320,141,73,22.3927465,419,242,286,378,1.8189,613,349.277006866667,"Experimental (Full Factorial)",1,0,0,0,"N",2016,2016,2,0,123,0,125,0,23,0,25,60,82,80,0,3.28,239.35,NA,706.35,NA,0.00519287833827893,674,3.5,7.242,0.552,4,137,1682,106,19,50,4.8,195,345,1.3,0.9,5.4,NA,NA,NA,NA,25,2.30470130286715,4.64338781575037,0.715995716598207
"2654","burren.ie",2,15,2018,"Slieve Carran","Europe","IE","Europe",1,0,1,0,"calcareous grassland",112,53.072023,-8.992624,502,9.766666715,6.7333333,40.079363,376.2997703,18.20000076,1.399999976,16.80000079,7.749999881,11,14.6500001,5.566666702,1320,141,73,22.3927465,419,242,286,378,1.8189,613,349.277006866667,"Experimental (Full Factorial)",1,0,0,0,"N",2016,2016,3,0,124,0,124,0,16,0,16,57,82,80,0,5.125,365.45,NA,543.5,NA,NA,NA,NA,7.242,0.552,4,137,1682,106,19,50,4.8,195,345,1.3,0.9,5.4,NA,NA,NA,NA,16,1.12611264398697,1.68781558726674,0.406159281740589
"2655","burren.ie",2,16,2015,"Slieve Carran","Europe","IE","Europe",1,0,1,0,"calcareous grassland",112,53.072023,-8.992624,502,9.766666715,6.7333333,40.079363,376.2997703,18.20000076,1.399999976,16.80000079,7.749999881,11,14.6500001,5.566666702,1320,141,73,22.3927465,419,242,286,378,1.8189,613,349.277006866667,"Experimental (Full Factorial)",1,1,1,1,"NPK+Fence",2016,2016,0,0,97,0,98,0,31,0,32,61,82,80,0,2.5625,71.4,NA,217.9,NA,0.0871833084947839,1342,117,9.411,0.711,7,176,2657,121,36,58,12.8,257,481,1.3,1.4,5.9,NA,NA,NA,NA,32,2.90207842322044,11.5165238678091,0.837362829890198
"2656","burren.ie",2,16,2016,"Slieve Carran","Europe","IE","Europe",1,0,1,0,"calcareous grassland",112,53.072023,-8.992624,502,9.766666715,6.7333333,40.079363,376.2997703,18.20000076,1.399999976,16.80000079,7.749999881,11,14.6500001,5.566666702,1320,141,73,22.3927465,419,242,286,378,1.8189,613,349.277006866667,"Experimental (Full Factorial)",1,1,1,1,"NPK+Fence",2016,2016,1,0,144,0,144,0,26,0,26,63,82,80,0,3.1538,23.07,NA,804.54,NA,0.0171400587659158,1021,17.5,9.411,0.711,7,176,2657,121,36,58,12.8,257,481,1.3,1.4,5.9,NA,NA,NA,NA,26,2.5376026890838,8.86153846153846,0.778860497063354
"2657","burren.ie",2,16,2017,"Slieve Carran","Europe","IE","Europe",1,0,1,0,"calcareous grassland",112,53.072023,-8.992624,502,9.766666715,6.7333333,40.079363,376.2997703,18.20000076,1.399999976,16.80000079,7.749999881,11,14.6500001,5.566666702,1320,141,73,22.3927465,419,242,286,378,1.8189,613,349.277006866667,"Experimental (Full Factorial)",1,1,1,1,"NPK+Fence",2016,2016,2,0,129,0,129,0,12,0,12,60,82,80,0,6.8333,91.95,NA,955.25,NA,0,693,0,9.411,0.711,7,176,2657,121,36,58,12.8,257,481,1.3,1.4,5.9,NA,NA,NA,NA,12,0.999897200611959,1.64225796901214,0.402388234864784
"2658","burren.ie",2,16,2018,"Slieve Carran","Europe","IE","Europe",1,0,1,0,"calcareous grassland",112,53.072023,-8.992624,502,9.766666715,6.7333333,40.079363,376.2997703,18.20000076,1.399999976,16.80000079,7.749999881,11,14.6500001,5.566666702,1320,141,73,22.3927465,419,242,286,378,1.8189,613,349.277006866667,"Experimental (Full Factorial)",1,1,1,1,"NPK+Fence",2016,2016,3,0,143,0,143,0,8,0,8,57,82,80,0,10.25,77.8,NA,1009.1,NA,NA,NA,NA,9.411,0.711,7,176,2657,121,36,58,12.8,257,481,1.3,1.4,5.9,NA,NA,NA,NA,8,1.53414500959292,3.37720891824938,0.737767799114754
"2659","burren.ie",2,17,2015,"Slieve Carran","Europe","IE","Europe",1,0,1,0,"calcareous grassland",112,53.072023,-8.992624,502,9.766666715,6.7333333,40.079363,376.2997703,18.20000076,1.399999976,16.80000079,7.749999881,11,14.6500001,5.566666702,1320,141,73,22.3927465,419,242,286,378,1.8189,613,349.277006866667,"Experimental (Full Factorial)",0,0,0,0,"Control",2016,2016,0,0,111,0,112,0,23,0,24,61,82,80,0,3.4167,168.15,NA,221.2,NA,0.167730496453901,1410,236.5,6.916,0.549,5,191,1142,116,32,54,6.2,149,485,1.6,0.9,5.3,NA,NA,NA,NA,24,2.51695792181518,7.8527724665392,0.791980896541205
"2660","burren.ie",2,17,2016,"Slieve Carran","Europe","IE","Europe",1,0,1,0,"calcareous grassland",112,53.072023,-8.992624,502,9.766666715,6.7333333,40.079363,376.2997703,18.20000076,1.399999976,16.80000079,7.749999881,11,14.6500001,5.566666702,1320,141,73,22.3927465,419,242,286,378,1.8189,613,349.277006866667,"Experimental (Full Factorial)",0,0,0,0,"Control",2016,2016,1,0,128,0,128,0,28,0,28,63,82,80,0,2.9286,17.72,NA,548.69,NA,0.0275319567354966,1017,28,6.916,0.549,5,191,1142,116,32,54,6.2,149,485,1.6,0.9,5.3,NA,NA,NA,NA,28,2.71464341002165,9.68321513002364,0.814668908145411
"2661","burren.ie",2,17,2017,"Slieve Carran","Europe","IE","Europe",1,0,1,0,"calcareous grassland",112,53.072023,-8.992624,502,9.766666715,6.7333333,40.079363,376.2997703,18.20000076,1.399999976,16.80000079,7.749999881,11,14.6500001,5.566666702,1320,141,73,22.3927465,419,242,286,378,1.8189,613,349.277006866667,"Experimental (Full Factorial)",0,0,0,0,"Control",2016,2016,2,0,127,0,127,0,27,0,27,60,82,80,0,3.037,253.35,NA,443.7,NA,0.00431372549019608,1275,5.5,6.916,0.549,5,191,1142,116,32,54,6.2,149,485,1.6,0.9,5.3,NA,NA,NA,NA,27,2.53523344163646,7.07102148180623,0.769222975744555
"2662","burren.ie",2,17,2018,"Slieve Carran","Europe","IE","Europe",1,0,1,0,"calcareous grassland",112,53.072023,-8.992624,502,9.766666715,6.7333333,40.079363,376.2997703,18.20000076,1.399999976,16.80000079,7.749999881,11,14.6500001,5.566666702,1320,141,73,22.3927465,419,242,286,378,1.8189,613,349.277006866667,"Experimental (Full Factorial)",0,0,0,0,"Control",2016,2016,3,0,128,0,128,0,29,0,29,57,82,80,0,2.8276,443.1,NA,641.2,NA,NA,NA,NA,6.916,0.549,5,191,1142,116,32,54,6.2,149,485,1.6,0.9,5.3,NA,NA,NA,NA,29,2.73655729526455,9.86987951807229,0.812686925483332
"2663","burren.ie",2,18,2015,"Slieve Carran","Europe","IE","Europe",1,0,1,0,"calcareous grassland",112,53.072023,-8.992624,502,9.766666715,6.7333333,40.079363,376.2997703,18.20000076,1.399999976,16.80000079,7.749999881,11,14.6500001,5.566666702,1320,141,73,22.3927465,419,242,286,378,1.8189,613,349.277006866667,"Experimental (Full Factorial)",0,0,0,1,"Fence",2016,2016,0,0,103,0,104,0,19,0,20,61,82,80,0,4.1,322,NA,180.6,NA,0.115298507462687,1340,154.5,9.24,0.792,6,238,3114,136,39,64,4.3,194,295,2.2,1.7,5.7,NA,NA,NA,NA,20,2.42817006739456,7.6169014084507,0.810543081179247
"2664","burren.ie",2,18,2016,"Slieve Carran","Europe","IE","Europe",1,0,1,0,"calcareous grassland",112,53.072023,-8.992624,502,9.766666715,6.7333333,40.079363,376.2997703,18.20000076,1.399999976,16.80000079,7.749999881,11,14.6500001,5.566666702,1320,141,73,22.3927465,419,242,286,378,1.8189,613,349.277006866667,"Experimental (Full Factorial)",0,0,0,1,"Fence",2016,2016,1,0,133,0,133,0,27,0,27,63,82,80,0,3.037,0,NA,872.27,NA,0,913,0,9.24,0.792,6,238,3114,136,39,64,4.3,194,295,2.2,1.7,5.7,NA,NA,NA,NA,27,2.3542705193146,5.43440860215054,0.714316458923762
"2665","burren.ie",2,18,2017,"Slieve Carran","Europe","IE","Europe",1,0,1,0,"calcareous grassland",112,53.072023,-8.992624,502,9.766666715,6.7333333,40.079363,376.2997703,18.20000076,1.399999976,16.80000079,7.749999881,11,14.6500001,5.566666702,1320,141,73,22.3927465,419,242,286,378,1.8189,613,349.277006866667,"Experimental (Full Factorial)",0,0,0,1,"Fence",2016,2016,2,0,122,0,122,0,22,0,22,60,82,80,0,3.7273,387.85,NA,316.1,NA,0,1368,0,9.24,0.792,6,238,3114,136,39,64,4.3,194,295,2.2,1.7,5.7,NA,NA,NA,NA,22,1.83456924786758,2.89346811819596,0.593511501556501
"2666","burren.ie",2,18,2018,"Slieve Carran","Europe","IE","Europe",1,0,1,0,"calcareous grassland",112,53.072023,-8.992624,502,9.766666715,6.7333333,40.079363,376.2997703,18.20000076,1.399999976,16.80000079,7.749999881,11,14.6500001,5.566666702,1320,141,73,22.3927465,419,242,286,378,1.8189,613,349.277006866667,"Experimental (Full Factorial)",0,0,0,1,"Fence",2016,2016,3,0,134,0,134,0,17,0,17,57,82,80,0,4.8235,876.45,NA,333.5,NA,NA,NA,NA,9.24,0.792,6,238,3114,136,39,64,4.3,194,295,2.2,1.7,5.7,NA,NA,NA,NA,17,1.45168212080932,2.1649385097661,0.512380094444634
"2667","burren.ie",2,19,2015,"Slieve Carran","Europe","IE","Europe",1,0,1,0,"calcareous grassland",112,53.072023,-8.992624,502,9.766666715,6.7333333,40.079363,376.2997703,18.20000076,1.399999976,16.80000079,7.749999881,11,14.6500001,5.566666702,1320,141,73,22.3927465,419,242,286,378,1.8189,613,349.277006866667,"Experimental (Full Factorial)",1,1,0,0,"NP",2016,2016,0,0,98,0,98,0,22,0,22,61,82,80,0,3.7273,198.55,NA,235.75,NA,0.0132352941176471,1360,18,6.418,0.493,3,152,1042,101,30,52,3.1,229,548,0.6,0.8,5.3,NA,NA,NA,NA,22,1.77671261207636,2.59707950243375,0.574793985810844
"2668","burren.ie",2,19,2016,"Slieve Carran","Europe","IE","Europe",1,0,1,0,"calcareous grassland",112,53.072023,-8.992624,502,9.766666715,6.7333333,40.079363,376.2997703,18.20000076,1.399999976,16.80000079,7.749999881,11,14.6500001,5.566666702,1320,141,73,22.3927465,419,242,286,378,1.8189,613,349.277006866667,"Experimental (Full Factorial)",1,1,0,0,"NP",2016,2016,1,0,149,0,149,0,19,0,19,63,82,80,0,4.3158,28.17,NA,865.77,NA,0.00317124735729387,946,3,6.418,0.493,3,152,1042,101,30,52,3.1,229,548,0.6,0.8,5.3,NA,NA,NA,NA,19,1.99412165886572,4.54845318582258,0.677250122340876
"2669","burren.ie",2,19,2017,"Slieve Carran","Europe","IE","Europe",1,0,1,0,"calcareous grassland",112,53.072023,-8.992624,502,9.766666715,6.7333333,40.079363,376.2997703,18.20000076,1.399999976,16.80000079,7.749999881,11,14.6500001,5.566666702,1320,141,73,22.3927465,419,242,286,378,1.8189,613,349.277006866667,"Experimental (Full Factorial)",1,1,0,0,"NP",2016,2016,2,0,114,0,114,0,16,0,16,60,82,80,0,5.125,200.65,NA,750.6,NA,0,718,0,6.418,0.493,3,152,1042,101,30,52,3.1,229,548,0.6,0.8,5.3,NA,NA,NA,NA,16,2.0612517564401,5.33935907970419,0.743439421759949
"2670","burren.ie",2,19,2018,"Slieve Carran","Europe","IE","Europe",1,0,1,0,"calcareous grassland",112,53.072023,-8.992624,502,9.766666715,6.7333333,40.079363,376.2997703,18.20000076,1.399999976,16.80000079,7.749999881,11,14.6500001,5.566666702,1320,141,73,22.3927465,419,242,286,378,1.8189,613,349.277006866667,"Experimental (Full Factorial)",1,1,0,0,"NP",2016,2016,3,0,116,0,116,0,9,0,9,57,82,80,0,9.1111,207.05,NA,639.6,NA,NA,NA,NA,6.418,0.493,3,152,1042,101,30,52,3.1,229,548,0.6,0.8,5.3,NA,NA,NA,NA,9,1.69395595482881,4,0.770952579131653
"2671","burren.ie",2,20,2015,"Slieve Carran","Europe","IE","Europe",1,0,1,0,"calcareous grassland",112,53.072023,-8.992624,502,9.766666715,6.7333333,40.079363,376.2997703,18.20000076,1.399999976,16.80000079,7.749999881,11,14.6500001,5.566666702,1320,141,73,22.3927465,419,242,286,378,1.8189,613,349.277006866667,"Experimental (Full Factorial)",0,1,1,0,"PK",2016,2016,0,0,98,0,98,0,17,0,17,61,82,80,0,4.8235,452.35,NA,189.8,NA,0.0653973509933775,604,39.5,8.439,0.612,4,176,1454,112,31,58,4.2,171,499,1.6,0.9,5.3,NA,NA,NA,NA,17,1.86467925860819,3.45219266714594,0.658149963369364
"2672","burren.ie",2,20,2016,"Slieve Carran","Europe","IE","Europe",1,0,1,0,"calcareous grassland",112,53.072023,-8.992624,502,9.766666715,6.7333333,40.079363,376.2997703,18.20000076,1.399999976,16.80000079,7.749999881,11,14.6500001,5.566666702,1320,141,73,22.3927465,419,242,286,378,1.8189,613,349.277006866667,"Experimental (Full Factorial)",0,1,1,0,"PK",2016,2016,1,0,119,0,119,0,19,0,19,63,82,80,0,4.3158,256.52,NA,604.99,NA,0.0128976784178848,1163,15,8.439,0.612,4,176,1454,112,31,58,4.2,171,499,1.6,0.9,5.3,NA,NA,NA,NA,19,1.84707356395245,3.12950276243094,0.627309167220489
"2673","burren.ie",2,20,2017,"Slieve Carran","Europe","IE","Europe",1,0,1,0,"calcareous grassland",112,53.072023,-8.992624,502,9.766666715,6.7333333,40.079363,376.2997703,18.20000076,1.399999976,16.80000079,7.749999881,11,14.6500001,5.566666702,1320,141,73,22.3927465,419,242,286,378,1.8189,613,349.277006866667,"Experimental (Full Factorial)",0,1,1,0,"PK",2016,2016,2,0,118,0,118,0,18,0,18,60,82,80,0,4.5556,66.45,NA,891.1,NA,0.006,500,3,8.439,0.612,4,176,1454,112,31,58,4.2,171,499,1.6,0.9,5.3,NA,NA,NA,NA,18,1.88536729644629,3.49147442326981,0.652292318901777
"2674","burren.ie",2,20,2018,"Slieve Carran","Europe","IE","Europe",1,0,1,0,"calcareous grassland",112,53.072023,-8.992624,502,9.766666715,6.7333333,40.079363,376.2997703,18.20000076,1.399999976,16.80000079,7.749999881,11,14.6500001,5.566666702,1320,141,73,22.3927465,419,242,286,378,1.8189,613,349.277006866667,"Experimental (Full Factorial)",0,1,1,0,"PK",2016,2016,3,0,121,0,121,0,15,0,15,57,82,80,0,5.4667,663.25,NA,849.15,NA,NA,NA,NA,8.439,0.612,4,176,1454,112,31,58,4.2,171,499,1.6,0.9,5.3,NA,NA,NA,NA,15,1.91701638744966,4.70923126407205,0.707895439556258
"2675","burren.ie",3,21,2015,"Slieve Carran","Europe","IE","Europe",1,0,1,0,"calcareous grassland",112,53.072023,-8.992624,502,9.766666715,6.7333333,40.079363,376.2997703,18.20000076,1.399999976,16.80000079,7.749999881,11,14.6500001,5.566666702,1320,141,73,22.3927465,419,242,286,378,1.8189,613,349.277006866667,"Experimental (Full Factorial)",0,0,0,1,"Fence",2016,2016,0,0,92,0,92,0,20,0,20,61,82,80,0,4.1,319.25,NA,243.35,NA,0.0643382352941176,544,35,8.146,0.577,7,182,1892,117,33,49,4.5,236,465,1.4,1,5.6,NA,NA,NA,NA,20,1.60128287418745,2.29875067897882,0.534521355036765
"2676","burren.ie",3,21,2016,"Slieve Carran","Europe","IE","Europe",1,0,1,0,"calcareous grassland",112,53.072023,-8.992624,502,9.766666715,6.7333333,40.079363,376.2997703,18.20000076,1.399999976,16.80000079,7.749999881,11,14.6500001,5.566666702,1320,141,73,22.3927465,419,242,286,378,1.8189,613,349.277006866667,"Experimental (Full Factorial)",0,0,0,1,"Fence",2016,2016,1,0,125,0,125,0,21,0,21,63,82,80,0,3.9048,108.97,NA,549.97,NA,0.0137299771167048,1311,18,8.146,0.577,7,182,1892,117,33,49,4.5,236,465,1.4,1,5.6,NA,NA,NA,NA,21,2.14681327854822,4.80917205293937,0.705139581810252
"2677","burren.ie",3,21,2017,"Slieve Carran","Europe","IE","Europe",1,0,1,0,"calcareous grassland",112,53.072023,-8.992624,502,9.766666715,6.7333333,40.079363,376.2997703,18.20000076,1.399999976,16.80000079,7.749999881,11,14.6500001,5.566666702,1320,141,73,22.3927465,419,242,286,378,1.8189,613,349.277006866667,"Experimental (Full Factorial)",0,0,0,1,"Fence",2016,2016,2,0,129,0,129,0,16,0,16,60,82,80,0,5.125,173.85,NA,539.35,NA,0.00161290322580645,620,1,8.146,0.577,7,182,1892,117,33,49,4.5,236,465,1.4,1,5.6,NA,NA,NA,NA,16,1.48506086784405,2.41980514759343,0.535622487364218
"2678","burren.ie",3,21,2018,"Slieve Carran","Europe","IE","Europe",1,0,1,0,"calcareous grassland",112,53.072023,-8.992624,502,9.766666715,6.7333333,40.079363,376.2997703,18.20000076,1.399999976,16.80000079,7.749999881,11,14.6500001,5.566666702,1320,141,73,22.3927465,419,242,286,378,1.8189,613,349.277006866667,"Experimental (Full Factorial)",0,0,0,1,"Fence",2016,2016,3,0,118,0,118,0,11,0,11,57,82,80,0,7.4545,617.3,NA,762.45,NA,NA,NA,NA,8.146,0.577,7,182,1892,117,33,49,4.5,236,465,1.4,1,5.6,NA,NA,NA,NA,11,1.17015099734741,2.03448275862069,0.487990868751258
"2679","burren.ie",3,22,2015,"Slieve Carran","Europe","IE","Europe",1,0,1,0,"calcareous grassland",112,53.072023,-8.992624,502,9.766666715,6.7333333,40.079363,376.2997703,18.20000076,1.399999976,16.80000079,7.749999881,11,14.6500001,5.566666702,1320,141,73,22.3927465,419,242,286,378,1.8189,613,349.277006866667,"Experimental (Full Factorial)",0,1,0,0,"P",2016,2016,0,0,108,0,109,0,34,0,35,61,82,80,0,2.3429,168.75,NA,225.5,NA,0.113131313131313,495,56,12.307,0.892,9,134,3504,121,50,54,3.7,265,525,0.7,2.1,6,NA,NA,NA,NA,35,3.0703602150649,13.5782857142857,0.863589207572172
"2680","burren.ie",3,22,2016,"Slieve Carran","Europe","IE","Europe",1,0,1,0,"calcareous grassland",112,53.072023,-8.992624,502,9.766666715,6.7333333,40.079363,376.2997703,18.20000076,1.399999976,16.80000079,7.749999881,11,14.6500001,5.566666702,1320,141,73,22.3927465,419,242,286,378,1.8189,613,349.277006866667,"Experimental (Full Factorial)",0,1,0,0,"P",2016,2016,1,0,158,0,159,0,33,0,34,63,82,80,0,2.4118,146.22,NA,653.44,NA,0.0138655462184874,1190,16.5,12.307,0.892,9,134,3504,121,50,54,3.7,265,525,0.7,2.1,6,NA,NA,NA,NA,34,2.85787158464286,10.4856905848196,0.810430914449376
"2681","burren.ie",3,22,2017,"Slieve Carran","Europe","IE","Europe",1,0,1,0,"calcareous grassland",112,53.072023,-8.992624,502,9.766666715,6.7333333,40.079363,376.2997703,18.20000076,1.399999976,16.80000079,7.749999881,11,14.6500001,5.566666702,1320,141,73,22.3927465,419,242,286,378,1.8189,613,349.277006866667,"Experimental (Full Factorial)",0,1,0,0,"P",2016,2016,2,0,112,0,112,0,21,0,21,60,82,80,0,3.9048,208.25,NA,388.3,NA,0,554,0,12.307,0.892,9,134,3504,121,50,54,3.7,265,525,0.7,2.1,6,NA,NA,NA,NA,21,2.20995840472596,4.48640915593705,0.725880150312992
"2682","burren.ie",3,22,2018,"Slieve Carran","Europe","IE","Europe",1,0,1,0,"calcareous grassland",112,53.072023,-8.992624,502,9.766666715,6.7333333,40.079363,376.2997703,18.20000076,1.399999976,16.80000079,7.749999881,11,14.6500001,5.566666702,1320,141,73,22.3927465,419,242,286,378,1.8189,613,349.277006866667,"Experimental (Full Factorial)",0,1,0,0,"P",2016,2016,3,0,125,0,125,0,17,0,17,57,82,80,0,4.8235,243.4,NA,526.9,NA,NA,NA,NA,12.307,0.892,9,134,3504,121,50,54,3.7,265,525,0.7,2.1,6,NA,NA,NA,NA,17,1.84218111623744,3.65668148841563,0.650209106244027
"2683","burren.ie",3,23,2015,"Slieve Carran","Europe","IE","Europe",1,0,1,0,"calcareous grassland",112,53.072023,-8.992624,502,9.766666715,6.7333333,40.079363,376.2997703,18.20000076,1.399999976,16.80000079,7.749999881,11,14.6500001,5.566666702,1320,141,73,22.3927465,419,242,286,378,1.8189,613,349.277006866667,"Experimental (Full Factorial)",1,1,1,0,"NPK",2016,2016,0,0,89,0,99,0,28,0,29,61,82,80,0,2.8276,156.6,NA,229.7,NA,0.478060046189376,433,207,7.111,0.502,3,168,1398,98,35,54,7.1,249,626,0.6,0.9,5.5,NA,NA,NA,NA,29,2.94227487817938,14.8275340393343,0.873779740995077
"2684","burren.ie",3,23,2016,"Slieve Carran","Europe","IE","Europe",1,0,1,0,"calcareous grassland",112,53.072023,-8.992624,502,9.766666715,6.7333333,40.079363,376.2997703,18.20000076,1.399999976,16.80000079,7.749999881,11,14.6500001,5.566666702,1320,141,73,22.3927465,419,242,286,378,1.8189,613,349.277006866667,"Experimental (Full Factorial)",1,1,1,0,"NPK",2016,2016,1,0,133,0,133,0,25,0,25,63,82,80,0,3.28,24.32,NA,567.82,NA,0.00542406311637081,1014,5.5,7.111,0.502,3,168,1398,98,35,54,7.1,249,626,0.6,0.9,5.5,NA,NA,NA,NA,25,2.65835782922421,9.65030005455537,0.825865293928529
"2685","burren.ie",3,23,2017,"Slieve Carran","Europe","IE","Europe",1,0,1,0,"calcareous grassland",112,53.072023,-8.992624,502,9.766666715,6.7333333,40.079363,376.2997703,18.20000076,1.399999976,16.80000079,7.749999881,11,14.6500001,5.566666702,1320,141,73,22.3927465,419,242,286,378,1.8189,613,349.277006866667,"Experimental (Full Factorial)",1,1,1,0,"NPK",2016,2016,2,0,125,0,125,0,28,0,28,60,82,80,0,2.9286,56,NA,944.7,NA,0.00690335305719921,507,3.5,7.111,0.502,3,168,1398,98,35,54,7.1,249,626,0.6,0.9,5.5,NA,NA,NA,NA,28,2.55685073805606,6.88629352137505,0.767315070323105
"2686","burren.ie",3,23,2018,"Slieve Carran","Europe","IE","Europe",1,0,1,0,"calcareous grassland",112,53.072023,-8.992624,502,9.766666715,6.7333333,40.079363,376.2997703,18.20000076,1.399999976,16.80000079,7.749999881,11,14.6500001,5.566666702,1320,141,73,22.3927465,419,242,286,378,1.8189,613,349.277006866667,"Experimental (Full Factorial)",1,1,1,0,"NPK",2016,2016,3,0,149,0,149,0,20,0,20,57,82,80,0,4.1,483.7,NA,706.75,NA,NA,NA,NA,7.111,0.502,3,168,1398,98,35,54,7.1,249,626,0.6,0.9,5.5,NA,NA,NA,NA,20,2.37905459630237,7.94880057286072,0.794147934147658
"2687","burren.ie",3,24,2015,"Slieve Carran","Europe","IE","Europe",1,0,1,0,"calcareous grassland",112,53.072023,-8.992624,502,9.766666715,6.7333333,40.079363,376.2997703,18.20000076,1.399999976,16.80000079,7.749999881,11,14.6500001,5.566666702,1320,141,73,22.3927465,419,242,286,378,1.8189,613,349.277006866667,"Experimental (Full Factorial)",1,0,0,0,"N",2016,2016,0,0,99,0,101,0,35,0,36,61,82,80,0,2.2778,144,NA,206.1,NA,0.392857142857143,476,187,9.111,0.697,6,151,2056,136,37,67,11.3,250,431,1.9,1,5.4,NA,NA,NA,NA,36,3.18995476270492,18.1836007130125,0.890173825641689
"2688","burren.ie",3,24,2016,"Slieve Carran","Europe","IE","Europe",1,0,1,0,"calcareous grassland",112,53.072023,-8.992624,502,9.766666715,6.7333333,40.079363,376.2997703,18.20000076,1.399999976,16.80000079,7.749999881,11,14.6500001,5.566666702,1320,141,73,22.3927465,419,242,286,378,1.8189,613,349.277006866667,"Experimental (Full Factorial)",1,0,0,0,"N",2016,2016,1,0,131,0,133,0,37,0,38,63,82,80,0,2.1579,22.52,NA,774.79,NA,0.186030428769018,1446,269,9.111,0.697,6,151,2056,136,37,67,11.3,250,431,1.9,1,5.4,NA,NA,NA,NA,38,3.00632894999222,12.8460421205519,0.826462609539495
"2689","burren.ie",3,24,2017,"Slieve Carran","Europe","IE","Europe",1,0,1,0,"calcareous grassland",112,53.072023,-8.992624,502,9.766666715,6.7333333,40.079363,376.2997703,18.20000076,1.399999976,16.80000079,7.749999881,11,14.6500001,5.566666702,1320,141,73,22.3927465,419,242,286,378,1.8189,613,349.277006866667,"Experimental (Full Factorial)",1,0,0,0,"N",2016,2016,2,0,91,0,92,0,33,0,34,60,82,80,0,2.4118,164.55,NA,132.55,NA,0.146887159533074,514,75.5,9.111,0.697,6,151,2056,136,37,67,11.3,250,431,1.9,1,5.4,NA,NA,NA,NA,34,2.80741398608662,7.68058076225045,0.796122224738266
"2690","burren.ie",3,24,2018,"Slieve Carran","Europe","IE","Europe",1,0,1,0,"calcareous grassland",112,53.072023,-8.992624,502,9.766666715,6.7333333,40.079363,376.2997703,18.20000076,1.399999976,16.80000079,7.749999881,11,14.6500001,5.566666702,1320,141,73,22.3927465,419,242,286,378,1.8189,613,349.277006866667,"Experimental (Full Factorial)",1,0,0,0,"N",2016,2016,3,0,142,0,142,0,26,0,26,57,82,80,0,3.1538,350.45,NA,658.9,NA,NA,NA,NA,9.111,0.697,6,151,2056,136,37,67,11.3,250,431,1.9,1,5.4,NA,NA,NA,NA,26,2.15492064706914,3.82183472327521,0.661404787096254
"2691","burren.ie",3,25,2015,"Slieve Carran","Europe","IE","Europe",1,0,1,0,"calcareous grassland",112,53.072023,-8.992624,502,9.766666715,6.7333333,40.079363,376.2997703,18.20000076,1.399999976,16.80000079,7.749999881,11,14.6500001,5.566666702,1320,141,73,22.3927465,419,242,286,378,1.8189,613,349.277006866667,"Experimental (Full Factorial)",1,1,0,0,"NP",2016,2016,0,0,133,0,135,0,26,0,27,61,82,80,0,3.037,123.5,NA,178.75,NA,0.544318181818182,440,239.5,8.945,0.649,5,155,1539,125,35,62,3.2,233,509,0.8,0.9,5.3,NA,NA,NA,NA,27,2.78870155020912,12.0138431114041,0.84612851411847
"2692","burren.ie",3,25,2016,"Slieve Carran","Europe","IE","Europe",1,0,1,0,"calcareous grassland",112,53.072023,-8.992624,502,9.766666715,6.7333333,40.079363,376.2997703,18.20000076,1.399999976,16.80000079,7.749999881,11,14.6500001,5.566666702,1320,141,73,22.3927465,419,242,286,378,1.8189,613,349.277006866667,"Experimental (Full Factorial)",1,1,0,0,"NP",2016,2016,1,0,125,0,125,0,28,0,28,63,82,80,0,2.9286,12.57,NA,467.54,NA,0.0131459655485041,1103,14.5,8.945,0.649,5,155,1539,125,35,62,3.2,233,509,0.8,0.9,5.3,NA,NA,NA,NA,28,3.01239554130105,16.4646996838778,0.904024807631827
"2693","burren.ie",3,25,2017,"Slieve Carran","Europe","IE","Europe",1,0,1,0,"calcareous grassland",112,53.072023,-8.992624,502,9.766666715,6.7333333,40.079363,376.2997703,18.20000076,1.399999976,16.80000079,7.749999881,11,14.6500001,5.566666702,1320,141,73,22.3927465,419,242,286,378,1.8189,613,349.277006866667,"Experimental (Full Factorial)",1,1,0,0,"NP",2016,2016,2,0,119,0,119,0,16,0,16,60,82,80,0,5.125,81.8,NA,586.2,NA,0.00932835820895522,536,5,8.945,0.649,5,155,1539,125,35,62,3.2,233,509,0.8,0.9,5.3,NA,NA,NA,NA,16,1.58951458198871,3.05655083099504,0.573296201213953
"2694","burren.ie",3,25,2018,"Slieve Carran","Europe","IE","Europe",1,0,1,0,"calcareous grassland",112,53.072023,-8.992624,502,9.766666715,6.7333333,40.079363,376.2997703,18.20000076,1.399999976,16.80000079,7.749999881,11,14.6500001,5.566666702,1320,141,73,22.3927465,419,242,286,378,1.8189,613,349.277006866667,"Experimental (Full Factorial)",1,1,0,0,"NP",2016,2016,3,0,108,0,108,0,7,0,7,57,82,80,0,11.7143,165.7,NA,726.45,NA,NA,NA,NA,8.945,0.649,5,155,1539,125,35,62,3.2,233,509,0.8,0.9,5.3,NA,NA,NA,NA,7,0.470353538659445,1.21222199127001,0.241713903844835
"2695","burren.ie",3,26,2015,"Slieve Carran","Europe","IE","Europe",1,0,1,0,"calcareous grassland",112,53.072023,-8.992624,502,9.766666715,6.7333333,40.079363,376.2997703,18.20000076,1.399999976,16.80000079,7.749999881,11,14.6500001,5.566666702,1320,141,73,22.3927465,419,242,286,378,1.8189,613,349.277006866667,"Experimental (Full Factorial)",0,0,1,0,"K",2016,2016,0,0,106,0,108,0,22,0,23,61,82,80,0,3.5652,221.05,NA,183.45,NA,0.298717948717949,390,116.5,5.999,0.482,3,131,1124,91,34,52,19,315,495,1.1,0.7,5.4,NA,NA,NA,NA,23,2.68838256912677,10.9009345794393,0.857403134558204
"2696","burren.ie",3,26,2016,"Slieve Carran","Europe","IE","Europe",1,0,1,0,"calcareous grassland",112,53.072023,-8.992624,502,9.766666715,6.7333333,40.079363,376.2997703,18.20000076,1.399999976,16.80000079,7.749999881,11,14.6500001,5.566666702,1320,141,73,22.3927465,419,242,286,378,1.8189,613,349.277006866667,"Experimental (Full Factorial)",0,0,1,0,"K",2016,2016,1,0,121,0,123,0,33,0,34,63,82,80,0,2.4118,14.82,NA,559.86,NA,0.0366639806607575,1241,45.5,5.999,0.482,3,131,1124,91,34,52,19,315,495,1.1,0.7,5.4,NA,NA,NA,NA,34,3.03692576191758,14.1790065604499,0.861206828036433
"2697","burren.ie",3,26,2017,"Slieve Carran","Europe","IE","Europe",1,0,1,0,"calcareous grassland",112,53.072023,-8.992624,502,9.766666715,6.7333333,40.079363,376.2997703,18.20000076,1.399999976,16.80000079,7.749999881,11,14.6500001,5.566666702,1320,141,73,22.3927465,419,242,286,378,1.8189,613,349.277006866667,"Experimental (Full Factorial)",0,0,1,0,"K",2016,2016,2,0,130,0,131,0,33,0,34,60,82,80,0,2.4118,174,NA,320,NA,0.0961538461538462,650,62.5,5.999,0.482,3,131,1124,91,34,52,19,315,495,1.1,0.7,5.4,NA,NA,NA,NA,34,2.92522434725244,12.3549316054716,0.829530709305692
"2698","burren.ie",3,26,2018,"Slieve Carran","Europe","IE","Europe",1,0,1,0,"calcareous grassland",112,53.072023,-8.992624,502,9.766666715,6.7333333,40.079363,376.2997703,18.20000076,1.399999976,16.80000079,7.749999881,11,14.6500001,5.566666702,1320,141,73,22.3927465,419,242,286,378,1.8189,613,349.277006866667,"Experimental (Full Factorial)",0,0,1,0,"K",2016,2016,3,0,120,0,120,0,27,0,27,57,82,80,0,3.037,358.4,NA,550.65,NA,NA,NA,NA,5.999,0.482,3,131,1124,91,34,52,19,315,495,1.1,0.7,5.4,NA,NA,NA,NA,27,2.51869065255449,7.30223123732251,0.764203677231148
"2699","burren.ie",3,27,2015,"Slieve Carran","Europe","IE","Europe",1,0,1,0,"calcareous grassland",112,53.072023,-8.992624,502,9.766666715,6.7333333,40.079363,376.2997703,18.20000076,1.399999976,16.80000079,7.749999881,11,14.6500001,5.566666702,1320,141,73,22.3927465,419,242,286,378,1.8189,613,349.277006866667,"Experimental (Full Factorial)",1,0,1,0,"NK",2016,2016,0,0,111,0,118,0,29,0,30,61,82,80,0,2.7333,88.55,NA,185.55,NA,0.0907894736842105,380,34.5,9.011,0.625,4,152,3492,126,36,60,6,303,319,1.9,1.1,6.3,NA,NA,NA,NA,30,3.04869567906735,16.7355769230769,0.896359527825303
"2700","burren.ie",3,27,2016,"Slieve Carran","Europe","IE","Europe",1,0,1,0,"calcareous grassland",112,53.072023,-8.992624,502,9.766666715,6.7333333,40.079363,376.2997703,18.20000076,1.399999976,16.80000079,7.749999881,11,14.6500001,5.566666702,1320,141,73,22.3927465,419,242,286,378,1.8189,613,349.277006866667,"Experimental (Full Factorial)",1,0,1,0,"NK",2016,2016,1,0,133,0,134,0,30,0,31,63,82,80,0,2.6452,84.07,NA,398.42,NA,0.030524505588994,1163,35.5,9.011,0.625,4,152,3492,126,36,60,6,303,319,1.9,1.1,6.3,NA,NA,NA,NA,31,2.80249674088095,11.1527950310559,0.81610576102922
"2701","burren.ie",3,27,2017,"Slieve Carran","Europe","IE","Europe",1,0,1,0,"calcareous grassland",112,53.072023,-8.992624,502,9.766666715,6.7333333,40.079363,376.2997703,18.20000076,1.399999976,16.80000079,7.749999881,11,14.6500001,5.566666702,1320,141,73,22.3927465,419,242,286,378,1.8189,613,349.277006866667,"Experimental (Full Factorial)",1,0,1,0,"NK",2016,2016,2,0,122,0,122,0,28,0,28,60,82,80,0,2.9286,293.25,NA,449.85,NA,0,681,0,9.011,0.625,4,152,3492,126,36,60,6,303,319,1.9,1.1,6.3,NA,NA,NA,NA,28,2.64485519969264,8.71428571428572,0.793725352575548
"2702","burren.ie",3,27,2018,"Slieve Carran","Europe","IE","Europe",1,0,1,0,"calcareous grassland",112,53.072023,-8.992624,502,9.766666715,6.7333333,40.079363,376.2997703,18.20000076,1.399999976,16.80000079,7.749999881,11,14.6500001,5.566666702,1320,141,73,22.3927465,419,242,286,378,1.8189,613,349.277006866667,"Experimental (Full Factorial)",1,0,1,0,"NK",2016,2016,3,0,133,0,133,0,21,0,21,57,82,80,0,3.9048,375.7,NA,565.7,NA,NA,NA,NA,9.011,0.625,4,152,3492,126,36,60,6,303,319,1.9,1.1,6.3,NA,NA,NA,NA,21,2.15358273235147,5.44779796735448,0.707363068068513
"2703","burren.ie",3,28,2015,"Slieve Carran","Europe","IE","Europe",1,0,1,0,"calcareous grassland",112,53.072023,-8.992624,502,9.766666715,6.7333333,40.079363,376.2997703,18.20000076,1.399999976,16.80000079,7.749999881,11,14.6500001,5.566666702,1320,141,73,22.3927465,419,242,286,378,1.8189,613,349.277006866667,"Experimental (Full Factorial)",0,0,0,0,"Control",2016,2016,0,0,76,0,77,0,29,0,30,61,82,80,0,2.7333,133.95,NA,281.75,NA,0.39501312335958,381,150.5,9.223,0.654,6,164,1861,133,40,55,11.1,227,353,1.4,0.9,5.4,NA,NA,NA,NA,30,3.03022395216859,15.0865139949109,0.890928579595614
"2704","burren.ie",3,28,2016,"Slieve Carran","Europe","IE","Europe",1,0,1,0,"calcareous grassland",112,53.072023,-8.992624,502,9.766666715,6.7333333,40.079363,376.2997703,18.20000076,1.399999976,16.80000079,7.749999881,11,14.6500001,5.566666702,1320,141,73,22.3927465,419,242,286,378,1.8189,613,349.277006866667,"Experimental (Full Factorial)",0,0,0,0,"Control",2016,2016,1,0,125,0,127,0,32,0,33,63,82,80,0,2.4848,77.12,NA,520.95,NA,0.0384615384615385,1222,47,9.223,0.654,6,164,1861,133,40,55,11.1,227,353,1.4,0.9,5.4,NA,NA,NA,NA,33,2.95545374770859,12.3973866256726,0.84525878916419
"2705","burren.ie",3,28,2017,"Slieve Carran","Europe","IE","Europe",1,0,1,0,"calcareous grassland",112,53.072023,-8.992624,502,9.766666715,6.7333333,40.079363,376.2997703,18.20000076,1.399999976,16.80000079,7.749999881,11,14.6500001,5.566666702,1320,141,73,22.3927465,419,242,286,378,1.8189,613,349.277006866667,"Experimental (Full Factorial)",0,0,0,0,"Control",2016,2016,2,0,126,0,129,0,31,0,32,60,82,80,0,2.5625,258.7,NA,169.15,NA,0.240151515151515,660,158.5,9.223,0.654,6,164,1861,133,40,55,11.1,227,353,1.4,0.9,5.4,NA,NA,NA,NA,32,2.94007793165724,13.5182778229082,0.848327170365797
"2706","burren.ie",3,28,2018,"Slieve Carran","Europe","IE","Europe",1,0,1,0,"calcareous grassland",112,53.072023,-8.992624,502,9.766666715,6.7333333,40.079363,376.2997703,18.20000076,1.399999976,16.80000079,7.749999881,11,14.6500001,5.566666702,1320,141,73,22.3927465,419,242,286,378,1.8189,613,349.277006866667,"Experimental (Full Factorial)",0,0,0,0,"Control",2016,2016,3,0,150,0,150,0,31,0,31,57,82,80,0,2.6452,359.85,NA,525.65,NA,NA,NA,NA,9.223,0.654,6,164,1861,133,40,55,11.1,227,353,1.4,0.9,5.4,NA,NA,NA,NA,31,2.7883178360525,11.6701244813278,0.811976769281686
"2707","burren.ie",3,29,2015,"Slieve Carran","Europe","IE","Europe",1,0,1,0,"calcareous grassland",112,53.072023,-8.992624,502,9.766666715,6.7333333,40.079363,376.2997703,18.20000076,1.399999976,16.80000079,7.749999881,11,14.6500001,5.566666702,1320,141,73,22.3927465,419,242,286,378,1.8189,613,349.277006866667,"Experimental (Full Factorial)",0,1,1,0,"PK",2016,2016,0,0,116,0,117,0,29,0,30,61,82,80,0,2.7333,218.8,NA,314.15,NA,0.509090909090909,330,168,7.956,0.612,5,127,2185,107,37,60,19.3,260,405,1.6,1,5.4,NA,NA,NA,NA,30,2.93246894275626,13.5668979187314,0.862187228111759
"2708","burren.ie",3,29,2016,"Slieve Carran","Europe","IE","Europe",1,0,1,0,"calcareous grassland",112,53.072023,-8.992624,502,9.766666715,6.7333333,40.079363,376.2997703,18.20000076,1.399999976,16.80000079,7.749999881,11,14.6500001,5.566666702,1320,141,73,22.3927465,419,242,286,378,1.8189,613,349.277006866667,"Experimental (Full Factorial)",0,1,1,0,"PK",2016,2016,1,0,111,0,111,0,27,0,27,63,82,80,0,3.037,12.72,NA,428.74,NA,0.005380476556495,1301,7,7.956,0.612,5,127,2185,107,37,60,19.3,260,405,1.6,1,5.4,NA,NA,NA,NA,27,2.67214801169144,8.71974522292994,0.810764646531484
"2709","burren.ie",3,29,2017,"Slieve Carran","Europe","IE","Europe",1,0,1,0,"calcareous grassland",112,53.072023,-8.992624,502,9.766666715,6.7333333,40.079363,376.2997703,18.20000076,1.399999976,16.80000079,7.749999881,11,14.6500001,5.566666702,1320,141,73,22.3927465,419,242,286,378,1.8189,613,349.277006866667,"Experimental (Full Factorial)",0,1,1,0,"PK",2016,2016,2,0,145,0,145,0,25,0,25,60,82,80,0,3.28,344.3,NA,474.45,NA,0.00325945241199478,767,2.5,7.956,0.612,5,127,2185,107,37,60,19.3,260,405,1.6,1,5.4,NA,NA,NA,NA,25,2.01283829082998,3.45068110946988,0.625323373855964
"2710","burren.ie",3,29,2018,"Slieve Carran","Europe","IE","Europe",1,0,1,0,"calcareous grassland",112,53.072023,-8.992624,502,9.766666715,6.7333333,40.079363,376.2997703,18.20000076,1.399999976,16.80000079,7.749999881,11,14.6500001,5.566666702,1320,141,73,22.3927465,419,242,286,378,1.8189,613,349.277006866667,"Experimental (Full Factorial)",0,1,1,0,"PK",2016,2016,3,0,159,0,159,0,17,0,17,57,82,80,0,4.8235,108,NA,604.15,NA,NA,NA,NA,7.956,0.612,5,127,2185,107,37,60,19.3,260,405,1.6,1,5.4,NA,NA,NA,NA,17,2.0453755989407,5.49706457925636,0.721927843249674
"2711","burren.ie",3,30,2015,"Slieve Carran","Europe","IE","Europe",1,0,1,0,"calcareous grassland",112,53.072023,-8.992624,502,9.766666715,6.7333333,40.079363,376.2997703,18.20000076,1.399999976,16.80000079,7.749999881,11,14.6500001,5.566666702,1320,141,73,22.3927465,419,242,286,378,1.8189,613,349.277006866667,"Experimental (Full Factorial)",1,1,1,1,"NPK+Fence",2016,2016,0,0,79,0,80,0,30,0,31,61,82,80,0,2.6452,129.25,NA,240.85,NA,0.462903225806452,310,143.5,6.915,0.512,5,127,930,104,40,57,5.2,173,429,1.6,0.6,5.1,NA,NA,NA,NA,31,3.09612831466809,16.6666666666667,0.901613235665009
"2712","burren.ie",3,30,2016,"Slieve Carran","Europe","IE","Europe",1,0,1,0,"calcareous grassland",112,53.072023,-8.992624,502,9.766666715,6.7333333,40.079363,376.2997703,18.20000076,1.399999976,16.80000079,7.749999881,11,14.6500001,5.566666702,1320,141,73,22.3927465,419,242,286,378,1.8189,613,349.277006866667,"Experimental (Full Factorial)",1,1,1,1,"NPK+Fence",2016,2016,1,0,141,0,142,0,29,0,30,63,82,80,0,2.7333,0,NA,679,NA,0.00112612612612613,1332,1.5,6.915,0.512,5,127,930,104,40,57,5.2,173,429,1.6,0.6,5.1,NA,NA,NA,NA,30,2.44141597229196,5.87871720116618,0.717810729084723
"2713","burren.ie",3,30,2017,"Slieve Carran","Europe","IE","Europe",1,0,1,0,"calcareous grassland",112,53.072023,-8.992624,502,9.766666715,6.7333333,40.079363,376.2997703,18.20000076,1.399999976,16.80000079,7.749999881,11,14.6500001,5.566666702,1320,141,73,22.3927465,419,242,286,378,1.8189,613,349.277006866667,"Experimental (Full Factorial)",1,1,1,1,"NPK+Fence",2016,2016,2,0,129,0,129,0,14,0,14,60,82,80,0,5.8571,1.9,NA,576.25,NA,0,1185,0,6.915,0.512,5,127,930,104,40,57,5.2,173,429,1.6,0.6,5.1,NA,NA,NA,NA,14,2.03200483117659,6.13380022115739,0.769973735838785
"2714","burren.ie",3,30,2018,"Slieve Carran","Europe","IE","Europe",1,0,1,0,"calcareous grassland",112,53.072023,-8.992624,502,9.766666715,6.7333333,40.079363,376.2997703,18.20000076,1.399999976,16.80000079,7.749999881,11,14.6500001,5.566666702,1320,141,73,22.3927465,419,242,286,378,1.8189,613,349.277006866667,"Experimental (Full Factorial)",1,1,1,1,"NPK+Fence",2016,2016,3,0,166,0,166,0,9,0,9,57,82,80,0,9.1111,570.3,NA,861.6,NA,NA,NA,NA,6.915,0.512,5,127,930,104,40,57,5.2,173,429,1.6,0.6,5.1,NA,NA,NA,NA,9,1.40151952782407,3.06859688195991,0.637859025554496
